<?xml version="1.0" encoding="UTF-8" standalone="no"?><tealist><tea><category>﻿Kränkus blandningar</category><name>Earl Grey Cream</name><price>22</price><description>Ett lite sötare te med Earl Grey som bas.</description></tea><tea><category>Kränkus blandningar</category><name>Svinhusblandning</name><price>22</price><description>Doftar inte svin. Välsmakande mustig citrus.</description></tea><tea><category>Kränkus blandningar</category><name>Honungste</name><price>22</price><description>Kränkus bi-produkt med doft av honung och smak av nektar.</description></tea><tea><category>Kränkus blandningar</category><name>S:ta Maria blandning</name><price>22</price><description>Ett klassiskt te med en fin balans mellan citrus och kryddor.</description></tea><tea><category>Kränkus blandningar</category><name>Tjelvarblandning</name><price>22</price><description>Teet har en doft av sol och sommar. Smaken är lika förförisk som vår sommarö. Fruktig.</description></tea><tea><category>Kränkus blandningar</category><name>Te-Jaken</name><price>22</price><description>Lika exotisk som urguten själv. En lite sötsyrlig sort som blivit mångas favorit.</description></tea><tea><category>Kränkus blandningar</category><name>Sylves lilla gröna</name><price>22</price><description>Vår egen gröna blandning med fruktbitar. God och nyttig.</description></tea><tea><category>Kränkus blandningar</category><name>Idas blandning</name><price>22</price><description>Ida är Jakens hustru. Exotisk</description></tea><tea><category>Kränkus blandningar</category><name>Stenhuggarblandning</name><price>22</price><description>-</description></tea><tea><category>Kränkus blandningar</category><name>Gotländskt äppelkakste</name><price>22</price><description>Påminner om smaken av den traditionella äppelkakan som ofta förkommer på Gotland.</description></tea><tea><category>Kränkus blandningar</category><name>S:t Hanskvartersblandning</name><price>22</price><description>För våra vackra kvarter i världsarvstaden Visby. Svart-grönt te med vår- och sommarsmaker. Fruktig.</description></tea><tea><category>Kränkus blandningar</category><name>Farmor Huldas blandning</name><price>22</price><description>Vårt senaste tillskott i raden av egna blandningar. Ett klassiskt te med utpräglad citrussmak. Tillägnad teblandarens farmor.</description></tea><tea><category>Kränkus blandningar</category><name>Hansablandning</name><price>22</price><description>För tankarna till medeltiden. Mustig och bärig.</description></tea><tea><category>Kränkus blandningar</category><name>Guteblandning</name><price>22</price><description>Guteblandningen föddes en vårdag 1978 då vi nyss öppnat vår tebutik Kränku i Visby. Den är den första och den mest omtyckta av våra specialblandningar. Den är kungen bland våra tesorter. Smaken är frisk</description></tea><tea><category>Kränkus blandningar</category><name>Munkte</name><price>22</price><description>Inspirerad av dofterna i klosterträdgården. Örtrik och söt.</description></tea><tea><category>Kränkus blandningar</category><name>Källingblandning</name><price>22</price><description>Mustig och bastant med båda fötterna på jorden. Lite rökt.</description></tea><tea><category>Kränkus blandningar</category><name>Vikingablandning</name><price>22</price><description>Mustigt te med frukter och bär för riktiga vikingar. Skapad Vikingaåret 2005.</description></tea><tea><category>Kränkus blandningar</category><name>Vardesblandning</name><price>22</price><description>Förgyll morgonen med en fräsch kopp milt och fylligt vardagste.</description></tea><tea><category>Kränkus blandningar</category><name>Krusmyntas te</name><price>22</price><description>Vår hyllning till Krusmyntagården. Påminner om mammas bullar. Lätt kryddad.</description></tea><tea><category>Kränkus blandningar</category><name>Kotteblandning</name><price>22</price><description>Skapad i samband med att igelkotten blev vårt landskapsdjur 1988. En annorlunda smaksammansättning med inslag av citrus.</description></tea><tea><category>Kränkus blandningar</category><name>Kärlekste från Gotland</name><price>22</price><description>En passionerad blandning av frukter och bär. Söt och smakrik. En perfekt gåva till nära och kära.</description></tea><tea><category>Kränkus blandningar</category><name>Gotländsk sommarblandning</name><price>22</price><description>En smak av gotländsk sommar hela året. Doft- och smakrik. Fruktig med viss sötma.</description></tea><tea><category>Kränkus blandningar</category><name>Ringmursblandning</name><price>22</price><description>För tankarna till vårt vackra Visby. Smakfull</description></tea><tea><category>Kränkus blandningar</category><name>Kalkstensdrömmar</name><price>22</price><description>Doften är drömmen om Gotland</description></tea><tea><category>Blandningar</category><name>Höstglöd</name><price>24</price><description>Innehåller bl a äppelbitar</description></tea><tea><category>Blandningar</category><name>Samurai</name><price>24</price><description>Innehåller bl a svart vinbär</description></tea><tea><category>Blandningar</category><name>Lyckliga stunder</name><price>24</price><description>Innehåller bl a persika och apelsinblommor.</description></tea><tea><category>Blandningar</category><name>Rabarbergrädde</name><price>24</price><description>Spännande smak av rabarberbitar och grädde.</description></tea><tea><category>Blandningar</category><name>Sir Williams</name><price>25</price><description>Från Sibyllans kaffe &amp; tehandel. Gjord av sju kinesiska sorter.</description></tea><tea><category>Blandningar</category><name>Österns blandning</name><price>22</price><description>Innehåller bl a kokos</description></tea><tea><category>Blandningar</category><name>Orientalisk</name><price>22</price><description>Innehåller bl a malva</description></tea><tea><category>Blandningar</category><name>Earl Grey</name><price>22</price><description>Planters special - En klassiker från Sibyllans anrika kaffe- och tehandel i Stockholm. Smaksatt med bergamott.</description></tea><tea><category>Blandningar</category><name>Tropicana</name><price>20</price><description>Innehåller bl a malva</description></tea><tea><category>Blandningar</category><name>Bora Bora</name><price>24</price><description>Ett smakrikt te med tropiska frukter</description></tea><tea><category>Blandningar</category><name>Vinter</name><price>20</price><description>Innehåller bl a kryddnejlika</description></tea><tea><category>Blandningar</category><name>Earl Grey blå blom</name><price>22</price><description>Smaksatt med bergamott och avrundat med blå malvablommor.</description></tea><tea><category>Blandningar</category><name>Earl Grey Royal</name><price>24</price><description>Smaksatt med bergamott och kompletterad med rött sandelträ och apelsinskal.</description></tea><tea><category>Blandningar</category><name>Glögg</name><price>20</price><description>Kraftig kryddsmak.</description></tea><tea><category>Blandningar</category><name>Chai te</name><price>30</price><description>Mycket kraftig smak av kryddor</description></tea><tea><category>Blandningar</category><name>Godiste</name><price>24</price><description>Te med utpräglad godissmak. Fråga efter aktuell sort.</description></tea><tea><category>Blandningar</category><name>Stormvarning</name><price>24</price><description>Innehåller bl a apelsinskal</description></tea><tea><category>Smaksatt svart</category><name>Aprikos</name><price>20</price><description>Med blommor och skalolja.</description></tea><tea><category>Smaksatt svart</category><name>Kanel</name><price>20</price><description>Med kanelbitar.</description></tea><tea><category>Smaksatt svart</category><name>Blåbär</name><price>20</price><description>Med blad och bär.</description></tea><tea><category>Smaksatt svart</category><name>Passionsfrukt</name><price>20</price><description>Med blommor.</description></tea><tea><category>Smaksatt svart</category><name>Apelsin</name><price>20</price><description>Med skal och kallpressad skalolja.</description></tea><tea><category>Smaksatt svart</category><name>Lapsang Formosa</name><price>30</price><description>Kraftigt rökt te.</description></tea><tea><category>Smaksatt svart</category><name>Lapsang Kina</name><price>25</price><description>Rökt te.</description></tea><tea><category>Smaksatt svart</category><name>Mango</name><price>20</price><description>Med smak av mango.</description></tea><tea><category>Smaksatt svart</category><name>Kiwi</name><price>20</price><description>Stark smak av kiwi.</description></tea><tea><category>Smaksatt svart</category><name>Körsbär</name><price>20</price><description>Smaksatt med hela körsbär där kärnorna ger "mandelsmak".</description></tea><tea><category>Smaksatt svart</category><name>Äppel</name><price>20</price><description>Med torkade äppelbitar.</description></tea><tea><category>Smaksatt svart</category><name>Apelsinblom</name><price>20</price><description>Med blommor och kallpressad skalolja.</description></tea><tea><category>Smaksatt svart</category><name>Grapefrukt</name><price>20</price><description>Med skal och kallpressad skalolja.</description></tea><tea><category>Smaksatt svart</category><name>Svart vinbär</name><price>20</price><description>Innehåller bär och blad.</description></tea><tea><category>Smaksatt svart</category><name>Smultron</name><price>20</price><description>Med bär och blad.</description></tea><tea><category>Smaksatt svart</category><name>Citron</name><price>20</price><description>Med skal och kallpressad skalolja.</description></tea><tea><category>Smaksatt svart</category><name>Spice krydd</name><price>20</price><description>Kryddstarkt te med bl a kryddnejlika</description></tea><tea><category>Smaksatt svart</category><name>Svart pepparmint</name><price>20</price><description>Med pepparmintsolja.</description></tea><tea><category>Smaksatt svart</category><name>Jordgubb</name><price>20</price><description>Med blad och bärbitar.</description></tea><tea><category>Smaksatt svart</category><name>Jordgubbsgrädde</name><price>22</price><description>Te från Sri Lanka och Kina med jordgubbsbitar</description></tea><tea><category>Smaksatt svart</category><name>Vanilj</name><price>25</price><description>Innehåller bitar av äkta vanlij.</description></tea><tea><category>Smaksatt svart</category><name>Fläderblom</name><price>20</price><description>Innehåller fläderblommor.</description></tea><tea><category>Smaksatt svart</category><name>Rom</name><price>20</price><description>Smaksatt med romessens.</description></tea><tea><category>Smaksatt svart</category><name>Pernod</name><price>20</price><description>Smaksatt med den franska lakritssmakande aperitifen.</description></tea><tea><category>Rent svart</category><name>Yunnan</name><price>22</price><description>Kraftigt te från provinsen Yunnan i Kina.</description></tea><tea><category>Rent svart</category><name>Ryskt</name><price>16</price><description>Grusinian - Te som bl a används till tesamovarer. Bör dra 8 - 10 min och blir då en kraftig brygd som späds med hett vatten.</description></tea><tea><category>Rent svart</category><name>Formosa Oolong</name><price>30</price><description>Halvgrönt (delvis jäst) storbladigt te från Taiwan. Mycket mild smak.</description></tea><tea><category>Rent svart</category><name>Darjeeling TGFOP (teinfritt)</name><price>40</price><description>Högkvalitativt Indiskt te</description></tea><tea><category>Rent svart</category><name>Darjeeling BOP</name><price>26</price><description>Finbladigt Indiskt höglandste. Milt men ändå smakrikt.</description></tea><tea><category>Rent svart</category><name>Ekologiskt</name><price>28</price><description>Från södra Indien.</description></tea><tea><category>Rent svart</category><name>Darjeeling TGFOP</name><price>30</price><description>Te av hög kvalité från Himalayas sluttningar i Indien. Innehåller stora blad och stor andel bladknoppar. Milt</description></tea><tea><category>Rent svart</category><name>China Black</name><price>20</price><description>Kinesisk te med neutral smak.</description></tea><tea><category>Rent svart</category><name>Assam TGFOP</name><price>22</price><description>Te av hög kvalité med stora blad och stor andel bladknoppar. Klassisk mustig smak.</description></tea><tea><category>Rent svart</category><name>Assam English blend</name><price>20</price><description>Ett "småkornigt" te från Assam i nordöstra Indien. Mycket mustig smak.</description></tea><tea><category>Rent svart</category><name>Ceylon Dimbula</name><price>22</price><description>Ett storbladigt te från distriktet Dimbula på Sri Lanka. God kvalité och medelstark smak.</description></tea><tea><category>Rent svart</category><name>Ceylon BOP</name><price>20</price><description>Ett typiskt Ceylonte från Uva-distriktet på Sri Lanka. Småbladigt med kraftig smak. Utmärkt att blanda med mjölk.</description></tea><tea><category>Rent svart</category><name>Keemun</name><price>20</price><description>Klassiskt smakrikt kinesiskt te. Utmärkt till Gotlands kalkhaltiga vatten.</description></tea><tea><category>Rent svart</category><name>Kenya</name><price>36</price><description>Afrikanskt te med en frisk smak.</description></tea><tea><category>Rött</category><name>Rooibos vanilj</name><price>22</price><description>Smaksatt med äkta vanilj.</description></tea><tea><category>Rött</category><name>Rooibos Earl Grey</name><price>26</price><description>Smaksatt med bergamottolja.Rött</description></tea><tea><category>Rött</category><name>Rooibos Lava</name><price>26</price><description>Smaksatt med bitar av äpple och kanel samt chili.</description></tea><tea><category>Rött</category><name>Rooibos jordgubbsgrädde</name><price>26</price><description>Smak av jordgubb och grädde.</description></tea><tea><category>Rött</category><name>Rooibos</name><price>22</price><description>Rött te som görs av de översta kvistarna på afrikanska Rooibos-busken. Mild smak. Innehåller antioxidanter.</description></tea><tea><category>Rött</category><name>Rooibos Champagne</name><price>26</price><description>Med smak av vanilj och Champagne. Innehåller jordgubbsbitar</description></tea><tea><category>Rött</category><name>Rooibos apelsin</name><price>22</price><description>Smaksatt med apelsin och skalbitar.</description></tea><tea><category>Örtte</category><name>Mynta</name><price>30</price><description>Hela torkade blad.</description></tea><tea><category>Örtte</category><name>Kamomill</name><price>28</price><description>Hela blommor.</description></tea><tea><category>Örtte</category><name>Fruktmix</name><price>26</price><description>Med bl. a fruktbitar</description></tea><tea><category>Örtte</category><name>Yogi</name><price>36</price><description>Innehåller enbart kryddor. Kryddnejlika</description></tea><tea><category>Örtte</category><name>Malva</name><price>26</price><description>Blommans kronblad.</description></tea><tea><category>Örtte</category><name>Kvällste</name><price>30</price><description>Anses rogivande</description></tea><tea><category>Örtte</category><name>Yerba Mate</name><price>18</price><description>Uppiggande dryck som framställs ur bladen av järneken</description></tea><tea><category>Rent grönt</category><name>Chun Mee</name><price>20</price><description>Moon Palace - Kraftigt kinesiskt te med lite "rökig" smak.</description></tea><tea><category>Rent grönt</category><name>Japansk Bancha</name><price>46</price><description>Te med naturligt låg teinhalt. Utpräglad "grön smak".</description></tea><tea><category>Rent grönt</category><name>Gun Powder</name><price>20</price><description>Kinesiskt rullat te. Lite kärvt i smaken. Liknar krut därav namnet.</description></tea><tea><category>Rent grönt</category><name>Kinesisk Gyokuro</name><price>26</price><description>Te av japansk typ odlat i Kina. Fyllig</description></tea><tea><category>Rent grönt</category><name>Darjeeling</name><price>35</price><description>En grön variant av Darjeeling TGFOP.</description></tea><tea><category>Rent grönt</category><name>Japansk Fukujyu</name><price>50</price><description>Smak och doftrik sencha av hög kvalité med naturligt låg teinhalt.</description></tea><tea><category>Smaksatt grönt</category><name>Jasmine</name><price>20</price><description>Med blommor. Serveras ofta som måltidsdryck till kinesisk mat.</description></tea><tea><category>Smaksatt grönt</category><name>Kaktus</name><price>25</price><description>Kinesiskt grönt te som innehåller bl a solros- och kaktusblommor. Smaksatt med kaktusfikon.</description></tea><tea><category>Smaksatt grönt</category><name>Japansk körsbär</name><price>22</price><description>Sencha med smak av kärnfria körsbär.</description></tea><tea><category>Smaksatt grönt</category><name>Lime</name><price>25</price><description>Sencha med fruktbitar och limeskal.</description></tea><tea><category>Smaksatt grönt</category><name>Japanskt Genmaicha</name><price>40</price><description>Te med rostat och puffat ris.</description></tea><tea><category>Smaksatt grönt</category><name>Grön pepparmint</name><price>20</price><description>Gun Powder med pepparmintsolja.</description></tea><tea><category>Smaksatt grönt</category><name>Grön Earl Grey</name><price>24</price><description>Senchate med bergamottolja</description></tea><tea><category>Smaksatt grönt</category><name>Japansk citron</name><price>46</price><description>Gyokuro-te av högsta kvalité med smak av kallpressad citronolja.</description></tea><tea><category>Smaksatt grönt</category><name>Jordgubbsgrädde</name><price>25</price><description>Sencha-te med jordgubbsbitar</description></tea><tea><category>Smaksatt grönt</category><name>Grön persika</name><price>26</price><description>Sencha-te med fruktbitar och blommor.</description></tea></tealist>